,latitude,longitude,blk_no,road_name,postal_code,address
0,1.36784101119028,103.856041852124,449,ANG MO KIO AVENUE 10,560449,ANG MO KIO AVE 10
1,1.37999943101881,103.841407224475,632,ANG MO KIO AVENUE 4,560632,ANG MO KIO AVE 4
2,1.37731149652799,103.860485872465,,NIL,NIL,ANG MO KIO AVE 5
3,1.36784101119028,103.856041852124,449,ANG MO KIO AVENUE 10,560449,ANG MO KIO AVE 10
4,1.37731149652799,103.860485872465,,NIL,NIL,ANG MO KIO AVE 5
5,1.37731149652799,103.860485872465,,NIL,NIL,ANG MO KIO AVE 5
6,1.36784101119028,103.856041852124,449,ANG MO KIO AVENUE 10,560449,ANG MO KIO AVE 10
7,1.36714737685637,103.839256279218,226C,ANG MO KIO AVENUE 1,563226,ANG MO KIO AVE 1
8,1.36784101119028,103.856041852124,449,ANG MO KIO AVENUE 10,560449,ANG MO KIO AVE 10
9,1.36931517954752,103.847153924066,51,ANG MO KIO AVENUE 3,569922,ANG MO KIO AVE 3
10,1.36784101119028,103.856041852124,449,ANG MO KIO AVENUE 10,560449,ANG MO KIO AVE 10
11,1.36931517954752,103.847153924066,51,ANG MO KIO AVENUE 3,569922,ANG MO KIO AVE 3
12,1.36931517954752,103.847153924066,51,ANG MO KIO AVENUE 3,569922,ANG MO KIO AVE 3
13,1.36714737685637,103.839256279218,226C,ANG MO KIO AVENUE 1,563226,ANG MO KIO AVE 1
14,1.36784101119028,103.856041852124,449,ANG MO KIO AVENUE 10,560449,ANG MO KIO AVE 10
15,1.36931517954752,103.847153924066,51,ANG MO KIO AVENUE 3,569922,ANG MO KIO AVE 3
16,1.36931517954752,103.847153924066,51,ANG MO KIO AVENUE 3,569922,ANG MO KIO AVE 3
17,1.37999943101881,103.841407224475,632,ANG MO KIO AVENUE 4,560632,ANG MO KIO AVE 4
18,1.36784101119028,103.856041852124,449,ANG MO KIO AVENUE 10,560449,ANG MO KIO AVE 10
19,1.38339440091972,103.840331247786,,ANG MO KIO AVE 9,NIL,ANG MO KIO AVE 9
20,1.36931517954752,103.847153924066,51,ANG MO KIO AVENUE 3,569922,ANG MO KIO AVE 3
21,1.37999943101881,103.841407224475,632,ANG MO KIO AVENUE 4,560632,ANG MO KIO AVE 4
22,1.36784101119028,103.856041852124,449,ANG MO KIO AVENUE 10,560449,ANG MO KIO AVE 10
23,1.36931517954752,103.847153924066,51,ANG MO KIO AVENUE 3,569922,ANG MO KIO AVE 3
24,1.36931517954752,103.847153924066,51,ANG MO KIO AVENUE 3,569922,ANG MO KIO AVE 3
25,1.37999943101881,103.841407224475,632,ANG MO KIO AVENUE 4,560632,ANG MO KIO AVE 4
26,1.36714737685637,103.839256279218,226C,ANG MO KIO AVENUE 1,563226,ANG MO KIO AVE 1
27,1.37999943101881,103.841407224475,632,ANG MO KIO AVENUE 4,560632,ANG MO KIO AVE 4
28,1.36714737685637,103.839256279218,226C,ANG MO KIO AVENUE 1,563226,ANG MO KIO AVE 1
29,1.36784101119028,103.856041852124,449,ANG MO KIO AVENUE 10,560449,ANG MO KIO AVE 10
30,1.36931517954752,103.847153924066,51,ANG MO KIO AVENUE 3,569922,ANG MO KIO AVE 3
31,1.36784101119028,103.856041852124,449,ANG MO KIO AVENUE 10,560449,ANG MO KIO AVE 10
32,1.36504462755741,103.852136980515,,NIL,NIL,ANG MO KIO AVE 8
33,1.36784101119028,103.856041852124,449,ANG MO KIO AVENUE 10,560449,ANG MO KIO AVE 10
34,1.36784101119028,103.856041852124,449,ANG MO KIO AVENUE 10,560449,ANG MO KIO AVE 10
35,1.37999943101881,103.841407224475,632,ANG MO KIO AVENUE 4,560632,ANG MO KIO AVE 4
36,1.36784101119028,103.856041852124,449,ANG MO KIO AVENUE 10,560449,ANG MO KIO AVE 10
37,1.36931517954752,103.847153924066,51,ANG MO KIO AVENUE 3,569922,ANG MO KIO AVE 3
38,1.37999943101881,103.841407224475,632,ANG MO KIO AVENUE 4,560632,ANG MO KIO AVE 4
39,1.36784101119028,103.856041852124,449,ANG MO KIO AVENUE 10,560449,ANG MO KIO AVE 10
40,1.37731149652799,103.860485872465,,NIL,NIL,ANG MO KIO AVE 5
41,1.36784101119028,103.856041852124,449,ANG MO KIO AVENUE 10,560449,ANG MO KIO AVE 10
42,1.36714737685637,103.839256279218,226C,ANG MO KIO AVENUE 1,563226,ANG MO KIO AVE 1
43,1.36714737685637,103.839256279218,226C,ANG MO KIO AVENUE 1,563226,ANG MO KIO AVE 1
44,1.36776871298295,103.844735089975,3535,ANG MO KIO AVENUE 6,569839,ANG MO KIO AVE 6
45,1.36931517954752,103.847153924066,51,ANG MO KIO AVENUE 3,569922,ANG MO KIO AVE 3
46,1.37294668133382,103.851635347661,,ANG MO KIO ST 52,NIL,ANG MO KIO ST 52
47,1.37294668133382,103.851635347661,,ANG MO KIO ST 52,NIL,ANG MO KIO ST 52
48,1.37294668133382,103.851635347661,,ANG MO KIO ST 52,NIL,ANG MO KIO ST 52
49,1.36931517954752,103.847153924066,51,ANG MO KIO AVENUE 3,569922,ANG MO KIO AVE 3
50,1.36931517954752,103.847153924066,51,ANG MO KIO AVENUE 3,569922,ANG MO KIO AVE 3
51,1.37731149652799,103.860485872465,,NIL,NIL,ANG MO KIO AVE 5
52,1.36776871298295,103.844735089975,3535,ANG MO KIO AVENUE 6,569839,ANG MO KIO AVE 6
53,1.37294668133382,103.851635347661,,ANG MO KIO ST 52,NIL,ANG MO KIO ST 52
54,1.36714737685637,103.839256279218,226C,ANG MO KIO AVENUE 1,563226,ANG MO KIO AVE 1
55,1.37999943101881,103.841407224475,632,ANG MO KIO AVENUE 4,560632,ANG MO KIO AVE 4
56,1.33346832060573,103.93883800726,,BEDOK NTH AVE 4,NIL,BEDOK NTH AVE 4
57,1.32453874303685,103.929038185227,,BEDOK NTH AVE 1,NIL,BEDOK NTH AVE 1
58,1.32785578389017,103.939708785127,101,BEDOK NORTH ROAD,469678,BEDOK NTH RD
59,1.32453874303685,103.929038185227,,BEDOK NTH AVE 1,NIL,BEDOK NTH AVE 1
60,1.32228550455303,103.932474096336,799,BEDOK SOUTH AVENUE 1,469335,BEDOK STH AVE 1
61,1.33758734617107,103.921963603077,744,BEDOK RESERVOIR ROAD,470744,BEDOK RESERVOIR RD
62,1.32761801944271,103.925191555708,,CHAI CHEE ST,NIL,CHAI CHEE ST
63,1.32761801944271,103.925191555708,,CHAI CHEE ST,NIL,CHAI CHEE ST
64,1.33758734617107,103.921963603077,744,BEDOK RESERVOIR ROAD,470744,BEDOK RESERVOIR RD
65,1.33078667404073,103.924260113816,,BEDOK NTH ST 3,NIL,BEDOK NTH ST 3
66,1.33078667404073,103.924260113816,,BEDOK NTH ST 3,NIL,BEDOK NTH ST 3
67,1.32453874303685,103.929038185227,,BEDOK NTH AVE 1,NIL,BEDOK NTH AVE 1
68,1.32785578389017,103.939708785127,101,BEDOK NORTH ROAD,469678,BEDOK NTH RD
69,1.33758734617107,103.921963603077,744,BEDOK RESERVOIR ROAD,470744,BEDOK RESERVOIR RD
70,1.32050083785241,103.935473637292,16,BEDOK SOUTH ROAD,460016,BEDOK STH RD
71,1.32416223531658,103.923989283543,29B,CHAI CHEE AVENUE,462029,CHAI CHEE AVE
72,1.32478236985627,103.930570304559,208B,NEW UPPER CHANGI ROAD,462208,NEW UPP CHANGI RD
73,1.32478236985627,103.930570304559,208B,NEW UPPER CHANGI ROAD,462208,NEW UPP CHANGI RD
74,1.33346832060573,103.93883800726,,BEDOK NTH AVE 4,NIL,BEDOK NTH AVE 4
75,1.33758734617107,103.921963603077,744,BEDOK RESERVOIR ROAD,470744,BEDOK RESERVOIR RD
76,1.32761801944271,103.925191555708,,CHAI CHEE ST,NIL,CHAI CHEE ST
77,1.33758734617107,103.921963603077,744,BEDOK RESERVOIR ROAD,470744,BEDOK RESERVOIR RD
78,1.32584772449881,103.919489612907,,CHAI CHEE DR,NIL,CHAI CHEE DR
79,1.32785578389017,103.939708785127,101,BEDOK NORTH ROAD,469678,BEDOK NTH RD
80,1.32228550455303,103.932474096336,799,BEDOK SOUTH AVENUE 1,469335,BEDOK STH AVE 1
81,1.32416223531658,103.923989283543,29B,CHAI CHEE AVENUE,462029,CHAI CHEE AVE
82,1.32526543033124,103.88488961869,79A,CIRCUIT ROAD,371079,CIRCUIT RD
83,1.33758734617107,103.921963603077,744,BEDOK RESERVOIR ROAD,470744,BEDOK RESERVOIR RD
84,1.32785578389017,103.939708785127,101,BEDOK NORTH ROAD,469678,BEDOK NTH RD
85,1.32785578389017,103.939708785127,101,BEDOK NORTH ROAD,469678,BEDOK NTH RD
86,1.32453874303685,103.929038185227,,BEDOK NTH AVE 1,NIL,BEDOK NTH AVE 1
87,1.32761801944271,103.925191555708,,CHAI CHEE ST,NIL,CHAI CHEE ST
88,1.33078667404073,103.924260113816,,BEDOK NTH ST 3,NIL,BEDOK NTH ST 3
89,1.33758734617107,103.921963603077,744,BEDOK RESERVOIR ROAD,470744,BEDOK RESERVOIR RD
90,1.32205652925917,103.93835472666,34,BEDOK SOUTH AVENUE 2,460034,BEDOK STH AVE 2
91,1.32050083785241,103.935473637292,16,BEDOK SOUTH ROAD,460016,BEDOK STH RD
92,1.32205652925917,103.93835472666,34,BEDOK SOUTH AVENUE 2,460034,BEDOK STH AVE 2
93,1.32205652925917,103.93835472666,34,BEDOK SOUTH AVENUE 2,460034,BEDOK STH AVE 2
94,1.32205652925917,103.93835472666,34,BEDOK SOUTH AVENUE 2,460034,BEDOK STH AVE 2
95,1.32785578389017,103.939708785127,101,BEDOK NORTH ROAD,469678,BEDOK NTH RD
96,1.32785578389017,103.939708785127,101,BEDOK NORTH ROAD,469678,BEDOK NTH RD
97,1.33758734617107,103.921963603077,744,BEDOK RESERVOIR ROAD,470744,BEDOK RESERVOIR RD
98,1.33758734617107,103.921963603077,744,BEDOK RESERVOIR ROAD,470744,BEDOK RESERVOIR RD
99,1.32785578389017,103.939708785127,101,BEDOK NORTH ROAD,469678,BEDOK NTH RD
100,1.33758734617107,103.921963603077,744,BEDOK RESERVOIR ROAD,470744,BEDOK RESERVOIR RD
101,1.33758734617107,103.921963603077,744,BEDOK RESERVOIR ROAD,470744,BEDOK RESERVOIR RD
102,1.32785578389017,103.939708785127,101,BEDOK NORTH ROAD,469678,BEDOK NTH RD
103,1.32785578389017,103.939708785127,101,BEDOK NORTH ROAD,469678,BEDOK NTH RD
104,1.33078667404073,103.924260113816,,BEDOK NTH ST 3,NIL,BEDOK NTH ST 3
105,1.33758734617107,103.921963603077,744,BEDOK RESERVOIR ROAD,470744,BEDOK RESERVOIR RD
106,1.32785578389017,103.939708785127,101,BEDOK NORTH ROAD,469678,BEDOK NTH RD
107,1.32754842669274,103.935739668534,133,BEDOK NORTH AVENUE 3,460133,BEDOK NTH AVE 3
108,1.33758734617107,103.921963603077,744,BEDOK RESERVOIR ROAD,470744,BEDOK RESERVOIR RD
109,1.33657512592488,103.935921211882,775,BEDOK RESERVOIR VIEW,470775,BEDOK RESERVOIR VIEW
110,1.32329022760147,103.924151826832,25A,CHAI CHEE ROAD,461025,CHAI CHEE RD
111,1.32785578389017,103.939708785127,101,BEDOK NORTH ROAD,469678,BEDOK NTH RD
112,1.32397687554181,103.91068964878,110,LENGKONG TIGA,410110,LENGKONG TIGA
113,1.32633302564897,103.932636597017,213,BEDOK NORTH STREET 1,460213,BEDOK CTRL
114,1.33758734617107,103.921963603077,744,BEDOK RESERVOIR ROAD,470744,BEDOK RESERVOIR RD
115,1.32329022760147,103.924151826832,25A,CHAI CHEE ROAD,461025,CHAI CHEE RD
116,1.33447671801248,103.907884878854,661,JALAN DAMAI,410661,JLN DAMAI
117,1.32891215628049,103.930947590388,,BEDOK NTH AVE 2,NIL,BEDOK NTH AVE 2
118,1.33657512592488,103.935921211882,775,BEDOK RESERVOIR VIEW,470775,BEDOK RESERVOIR VIEW
119,1.32329022760147,103.924151826832,25A,CHAI CHEE ROAD,461025,CHAI CHEE RD
120,1.33758734617107,103.921963603077,744,BEDOK RESERVOIR ROAD,470744,BEDOK RESERVOIR RD
121,1.33758734617107,103.921963603077,744,BEDOK RESERVOIR ROAD,470744,BEDOK RESERVOIR RD
122,1.32633302564897,103.932636597017,213,BEDOK NORTH STREET 1,460213,BEDOK CTRL
123,1.33758734617107,103.921963603077,744,BEDOK RESERVOIR ROAD,470744,BEDOK RESERVOIR RD
124,1.32003490215577,103.944571586111,168,BEDOK SOUTH AVENUE 3,460168,BEDOK STH AVE 3
125,1.33758734617107,103.921963603077,744,BEDOK RESERVOIR ROAD,470744,BEDOK RESERVOIR RD
126,1.33346832060573,103.93883800726,,BEDOK NTH AVE 4,NIL,BEDOK NTH AVE 4
127,1.36017975226367,103.840443758583,302,SIN MING ROAD,575627,SIN MING RD
128,1.36135000006883,103.840294722049,,SIN MING AVE,NIL,SIN MING AVE
129,1.34540476976926,103.850579308397,,BISHAN ST 12,NIL,BISHAN ST 12
130,1.34888843900173,103.849691980101,510,BISHAN STREET 13,570510,BISHAN ST 13
131,1.34888843900173,103.849691980101,510,BISHAN STREET 13,570510,BISHAN ST 13
132,1.34540476976926,103.850579308397,,BISHAN ST 12,NIL,BISHAN ST 12
133,1.34888843900173,103.849691980101,510,BISHAN STREET 13,570510,BISHAN ST 13
134,1.34888843900173,103.849691980101,510,BISHAN STREET 13,570510,BISHAN ST 13
135,1.34540476976926,103.850579308397,,BISHAN ST 12,NIL,BISHAN ST 12
136,1.34540476976926,103.850579308397,,BISHAN ST 12,NIL,BISHAN ST 12
137,1.34888843900173,103.849691980101,510,BISHAN STREET 13,570510,BISHAN ST 13
138,1.35777333921775,103.844621257265,282,BISHAN STREET 22,570282,BISHAN ST 22
139,1.35722283090964,103.843785252615,279,BISHAN STREET 24,570279,BISHAN ST 24
140,1.35517652608195,103.848302519992,207A,BISHAN STREET 23,571207,BISHAN ST 23
141,1.34888843900173,103.849691980101,510,BISHAN STREET 13,570510,BISHAN ST 13
142,1.35955826705026,103.835971351197,88,BRIGHT HILL DRIVE,574117,BRIGHT HILL DR
143,1.36135000006883,103.840294722049,,SIN MING AVE,NIL,SIN MING AVE
144,1.34540476976926,103.850579308397,,BISHAN ST 12,NIL,BISHAN ST 12
145,1.3520074540159,103.837031862103,320,SHUNFU ROAD,570320,SHUNFU RD
146,1.35722283090964,103.843785252615,279,BISHAN STREET 24,570279,BISHAN ST 24
147,1.35517652608195,103.848302519992,207A,BISHAN STREET 23,571207,BISHAN ST 23
148,1.34540476976926,103.850579308397,,BISHAN ST 12,NIL,BISHAN ST 12
149,1.36376864249311,103.749335509297,,BT BATOK ST 34,NIL,BT BATOK ST 34
150,1.3571882058688,103.751123943023,526,BUKIT BATOK STREET 51,650526,BT BATOK ST 51
151,1.34771260329352,103.744457711595,153,BUKIT BATOK STREET 11,650153,BT BATOK ST 11
152,1.3571882058688,103.751123943023,526,BUKIT BATOK STREET 51,650526,BT BATOK ST 51
153,1.35520792576701,103.751733775678,,BT BATOK ST 52,NIL,BT BATOK ST 52
154,1.34632214187482,103.75432788468,,BT BATOK ST 21,NIL,BT BATOK ST 21
155,1.34632214187482,103.75432788468,,BT BATOK ST 21,NIL,BT BATOK ST 21
156,1.35283067942508,103.755051665657,,BT BATOK EAST AVE 5,NIL,BT BATOK EAST AVE 5
157,1.35041938628227,103.745716703636,132,BUKIT BATOK WEST AVENUE 6,650132,BT BATOK WEST AVE 6
158,1.34632214187482,103.75432788468,,BT BATOK ST 21,NIL,BT BATOK ST 21
159,1.36376864249311,103.749335509297,,BT BATOK ST 34,NIL,BT BATOK ST 34
160,1.34632214187482,103.75432788468,,BT BATOK ST 21,NIL,BT BATOK ST 21
161,1.34973962636545,103.751531277542,634,BUKIT BATOK CENTRAL,650634,BT BATOK CTRL
162,1.35283067942508,103.755051665657,,BT BATOK EAST AVE 5,NIL,BT BATOK EAST AVE 5
163,1.34738825473827,103.743704684376,154A,BUKIT BATOK WEST AVENUE 8,651154,BT BATOK WEST AVE 8
164,1.34771260329352,103.744457711595,153,BUKIT BATOK STREET 11,650153,BT BATOK ST 11
165,1.34885036049503,103.757903337572,272,BUKIT BATOK EAST AVENUE 4,650272,BT BATOK EAST AVE 4
166,1.35921806506249,103.749868363573,377A,BUKIT BATOK STREET 31,651377,BT BATOK ST 31
167,1.34632214187482,103.75432788468,,BT BATOK ST 21,NIL,BT BATOK ST 21
168,1.34738825473827,103.743704684376,154A,BUKIT BATOK WEST AVENUE 8,651154,BT BATOK WEST AVE 8
169,1.34738825473827,103.743704684376,154A,BUKIT BATOK WEST AVENUE 8,651154,BT BATOK WEST AVE 8
170,1.34885036049503,103.757903337572,272,BUKIT BATOK EAST AVENUE 4,650272,BT BATOK EAST AVE 4
171,1.35041938628227,103.745716703636,132,BUKIT BATOK WEST AVENUE 6,650132,BT BATOK WEST AVE 6
172,1.35921806506249,103.749868363573,377A,BUKIT BATOK STREET 31,651377,BT BATOK ST 31
173,1.35520792576701,103.751733775678,,BT BATOK ST 52,NIL,BT BATOK ST 52
174,1.34556154710655,103.760138074228,288H,BUKIT BATOK STREET 25,657288,BT BATOK ST 25
175,1.35283067942508,103.755051665657,,BT BATOK EAST AVE 5,NIL,BT BATOK EAST AVE 5
176,1.35283067942508,103.755051665657,,BT BATOK EAST AVE 5,NIL,BT BATOK EAST AVE 5
177,1.34762239826033,103.757150072517,280,BUKIT BATOK EAST AVENUE 3,650280,BT BATOK EAST AVE 3
178,1.36663551749688,103.75055285049,813,BUKIT BATOK WEST AVENUE 5,659084,BT BATOK WEST AVE 5
179,1.34973962636545,103.751531277542,634,BUKIT BATOK CENTRAL,650634,BT BATOK CTRL
180,1.35041938628227,103.745716703636,132,BUKIT BATOK WEST AVENUE 6,650132,BT BATOK WEST AVE 6
181,1.34973962636545,103.751531277542,634,BUKIT BATOK CENTRAL,650634,BT BATOK CTRL
182,1.34632214187482,103.75432788468,,BT BATOK ST 21,NIL,BT BATOK ST 21
183,1.36663551749688,103.75055285049,813,BUKIT BATOK WEST AVENUE 5,659084,BT BATOK WEST AVE 5
184,1.36663551749688,103.75055285049,813,BUKIT BATOK WEST AVENUE 5,659084,BT BATOK WEST AVE 5
185,1.35041938628227,103.745716703636,132,BUKIT BATOK WEST AVENUE 6,650132,BT BATOK WEST AVE 6
186,1.34632214187482,103.75432788468,,BT BATOK ST 21,NIL,BT BATOK ST 21
187,1.34632214187482,103.75432788468,,BT BATOK ST 21,NIL,BT BATOK ST 21
188,1.36663551749688,103.75055285049,813,BUKIT BATOK WEST AVENUE 5,659084,BT BATOK WEST AVE 5
189,1.34632214187482,103.75432788468,,BT BATOK ST 21,NIL,BT BATOK ST 21
190,1.35041938628227,103.745716703636,132,BUKIT BATOK WEST AVENUE 6,650132,BT BATOK WEST AVE 6
191,1.34973962636545,103.751531277542,634,BUKIT BATOK CENTRAL,650634,BT BATOK CTRL
192,1.34328202342985,103.757986778729,290H,BUKIT BATOK STREET 24,657290,BT BATOK ST 24
193,1.34771260329352,103.744457711595,153,BUKIT BATOK STREET 11,650153,BT BATOK ST 11
194,1.34973962636545,103.751531277542,634,BUKIT BATOK CENTRAL,650634,BT BATOK CTRL
195,1.34556154710655,103.760138074228,288H,BUKIT BATOK STREET 25,657288,BT BATOK ST 25
196,1.28742239926051,103.831238878232,4,JALAN BUKIT HO SWEE,162004,JLN BT HO SWEE
197,1.28742239926051,103.831238878232,4,JALAN BUKIT HO SWEE,162004,JLN BT HO SWEE
198,1.27336490550026,103.807621587927,79,TELOK BLANGAH DRIVE,100079,TELOK BLANGAH DR
199,1.2890578915448,103.827513018252,40,BEO CRESCENT,160040,BEO CRES
200,1.27740842315689,103.819408564925,9,TELOK BLANGAH CRESCENT,090009,TELOK BLANGAH CRES
201,1.28780753147298,103.832780576669,12,TAMAN HO SWEE,162012,TAMAN HO SWEE
202,1.27258913997098,103.821998232106,36,TELOK BLANGAH RISE,090036,TELOK BLANGAH RISE
203,1.27685569621498,103.818282697829,,TELOK BLANGAH WAY,NIL,TELOK BLANGAH WAY
204,1.27741163532867,103.832144109013,,JLN BT MERAH,NIL,JLN BT MERAH
205,1.27741163532867,103.832144109013,,JLN BT MERAH,NIL,JLN BT MERAH
206,1.28757125985579,103.828786654106,,JALAN KLINIK,NIL,JLN KLINIK
207,1.27666065453928,103.811245047722,,TELOK BLANGAH HTS,NIL,TELOK BLANGAH HTS
208,1.27741163532867,103.832144109013,,JLN BT MERAH,NIL,JLN BT MERAH
209,1.27666065453928,103.811245047722,,TELOK BLANGAH HTS,NIL,TELOK BLANGAH HTS
210,1.28326467654874,103.823800585999,,NIL,NIL,BT MERAH VIEW
211,1.27741163532867,103.832144109013,,JLN BT MERAH,NIL,JLN BT MERAH
212,1.27336490550026,103.807621587927,79,TELOK BLANGAH DRIVE,100079,TELOK BLANGAH DR
213,1.2890578915448,103.827513018252,40,BEO CRESCENT,160040,BEO CRES
214,1.29113483646901,103.826764453591,77,INDUS ROAD,160077,INDUS RD
215,1.27336490550026,103.807621587927,79,TELOK BLANGAH DRIVE,100079,TELOK BLANGAH DR
216,1.28326467654874,103.823800585999,,NIL,NIL,BT MERAH VIEW
217,1.28685131497047,103.804019034892,123,BUKIT MERAH LANE 1,150123,BT MERAH LANE 1
218,1.27384250197236,103.80691876396,80,TELOK BLANGAH STREET 31,100080,TELOK BLANGAH ST 31
219,1.28386250693899,103.830493408687,,MOH GUAN TERRACE,NIL,MOH GUAN TER
220,1.28386250693899,103.830493408687,,MOH GUAN TERRACE,NIL,MOH GUAN TER
221,1.28386250693899,103.830493408687,,MOH GUAN TERRACE,NIL,MOH GUAN TER
222,1.29306116495633,103.82648039454,,NIL,NIL,HAVELOCK RD
223,1.28924249163814,103.822185839167,,HENDERSON CRESCENT,NIL,HENDERSON CRES
224,1.27740842315689,103.819408564925,9,TELOK BLANGAH CRESCENT,090009,TELOK BLANGAH CRES
225,1.28924249163814,103.822185839167,,HENDERSON CRESCENT,NIL,HENDERSON CRES
226,1.27446978425391,103.825878114028,112,BUKIT PURMEI ROAD,090112,BT PURMEI RD
227,1.27446978425391,103.825878114028,112,BUKIT PURMEI ROAD,090112,BT PURMEI RD
228,1.28480733804589,103.829298010559,18,KIM TIAN ROAD,169252,KIM TIAN RD
229,1.30661310196875,103.808830432815,,NIL,NIL,DEPOT RD
230,1.28863289349484,103.810534586582,40,JALAN RUMAH TINGGI,151040,JLN RUMAH TINGGI
231,1.28863289349484,103.810534586582,40,JALAN RUMAH TINGGI,151040,JLN RUMAH TINGGI
232,1.2915209341924,103.826999371244,,NIL,NIL,DELTA AVE
233,1.27741163532867,103.832144109013,,JLN BT MERAH,NIL,JLN BT MERAH
234,1.27384250197236,103.80691876396,80,TELOK BLANGAH STREET 31,100080,TELOK BLANGAH ST 31
235,1.27384250197236,103.80691876396,80,TELOK BLANGAH STREET 31,100080,TELOK BLANGAH ST 31
236,1.27384250197236,103.80691876396,80,TELOK BLANGAH STREET 31,100080,TELOK BLANGAH ST 31
237,1.28198287775746,103.826289547194,118,JALAN MEMBINA,160118,JLN MEMBINA
238,1.28762380319793,103.817255964036,,REDHILL RD,NIL,REDHILL RD
239,1.28762380319793,103.817255964036,,REDHILL RD,NIL,REDHILL RD
240,1.28198287775746,103.826289547194,118,JALAN MEMBINA,160118,JLN MEMBINA
241,1.28198287775746,103.826289547194,118,JALAN MEMBINA,160118,JLN MEMBINA
242,1.29306116495633,103.82648039454,,NIL,NIL,HAVELOCK RD
243,1.27384250197236,103.80691876396,80,TELOK BLANGAH STREET 31,100080,TELOK BLANGAH ST 31
244,1.28924249163814,103.822185839167,,HENDERSON CRESCENT,NIL,HENDERSON CRES
245,1.30661310196875,103.808830432815,,NIL,NIL,DEPOT RD
246,1.28934897171163,103.815218259723,64,LENGKOK BAHRU,150064,LENGKOK BAHRU
247,1.28863289349484,103.810534586582,40,JALAN RUMAH TINGGI,151040,JLN RUMAH TINGGI
248,1.28934897171163,103.815218259723,64,LENGKOK BAHRU,150064,LENGKOK BAHRU
249,1.27336490550026,103.807621587927,79,TELOK BLANGAH DRIVE,100079,TELOK BLANGAH DR
250,1.28667299684497,103.833605041578,,ZION RD,NIL,ZION RD
251,1.2915209341924,103.826999371244,,NIL,NIL,DELTA AVE
252,1.37732275963711,103.767266895118,,PETIR RD,NIL,PETIR RD
253,1.37602800535195,103.769749123717,128,PENDING ROAD,670128,PENDING RD
254,1.37751089010935,103.773912011697,,BANGKIT RD,NIL,BANGKIT RD
255,1.38826258037071,103.771464649034,,SEGAR RD,NIL,SEGAR RD
256,1.38712482730678,103.767578141096,,JELAPANG RD,NIL,JELAPANG RD
257,1.38509602471476,103.760218434373,628,SENJA ROAD,670628,SENJA RD
258,1.38022107382135,103.770848650534,,FAJAR RD,NIL,FAJAR RD
259,1.38022107382135,103.770848650534,,FAJAR RD,NIL,FAJAR RD
260,1.38712482730678,103.767578141096,,JELAPANG RD,NIL,JELAPANG RD
261,1.38509602471476,103.760218434373,628,SENJA ROAD,670628,SENJA RD
262,1.37602800535195,103.769749123717,128,PENDING ROAD,670128,PENDING RD
263,1.37732275963711,103.767266895118,,PETIR RD,NIL,PETIR RD
264,1.38826258037071,103.771464649034,,SEGAR RD,NIL,SEGAR RD
265,1.37727545203058,103.773096813492,259,BUKIT PANJANG RING ROAD,671259,BT PANJANG RING RD
266,1.38826258037071,103.771464649034,,SEGAR RD,NIL,SEGAR RD
267,1.37727545203058,103.773096813492,259,BUKIT PANJANG RING ROAD,671259,BT PANJANG RING RD
268,1.38712482730678,103.767578141096,,JELAPANG RD,NIL,JELAPANG RD
269,1.37732275963711,103.767266895118,,PETIR RD,NIL,PETIR RD
270,1.37732275963711,103.767266895118,,PETIR RD,NIL,PETIR RD
271,1.38712482730678,103.767578141096,,JELAPANG RD,NIL,JELAPANG RD
272,1.38642883131624,103.763284096428,,SENJA LINK,NIL,SENJA LINK
273,1.38509602471476,103.760218434373,628,SENJA ROAD,670628,SENJA RD
274,1.37727545203058,103.773096813492,259,BUKIT PANJANG RING ROAD,671259,BT PANJANG RING RD
275,1.38509602471476,103.760218434373,628,SENJA ROAD,670628,SENJA RD
276,1.38826258037071,103.771464649034,,SEGAR RD,NIL,SEGAR RD
277,1.37957146683668,103.765393934759,,LOMPANG ROAD,NIL,LOMPANG RD
278,1.38022107382135,103.770848650534,,FAJAR RD,NIL,FAJAR RD
279,1.38826258037071,103.771464649034,,SEGAR RD,NIL,SEGAR RD
280,1.37732275963711,103.767266895118,,PETIR RD,NIL,PETIR RD
281,1.37879277626115,103.767026485795,,GANGSA RD,NIL,GANGSA RD
282,1.37727545203058,103.773096813492,259,BUKIT PANJANG RING ROAD,671259,BT PANJANG RING RD
283,1.38022107382135,103.770848650534,,FAJAR RD,NIL,FAJAR RD
284,1.37727545203058,103.773096813492,259,BUKIT PANJANG RING ROAD,671259,BT PANJANG RING RD
285,1.37727545203058,103.773096813492,259,BUKIT PANJANG RING ROAD,671259,BT PANJANG RING RD
286,1.38509602471476,103.760218434373,628,SENJA ROAD,670628,SENJA RD
287,1.38712482730678,103.767578141096,,JELAPANG RD,NIL,JELAPANG RD
288,1.37879277626115,103.767026485795,,GANGSA RD,NIL,GANGSA RD
289,1.37879277626115,103.767026485795,,GANGSA RD,NIL,GANGSA RD
290,1.37879277626115,103.767026485795,,GANGSA RD,NIL,GANGSA RD
291,1.37957146683668,103.765393934759,,LOMPANG ROAD,NIL,LOMPANG RD
292,1.37957146683668,103.765393934759,,LOMPANG ROAD,NIL,LOMPANG RD
293,1.38509602471476,103.760218434373,628,SENJA ROAD,670628,SENJA RD
294,1.38642883131624,103.763284096428,,SENJA LINK,NIL,SENJA LINK
295,1.37602800535195,103.769749123717,128,PENDING ROAD,670128,PENDING RD
296,1.37732275963711,103.767266895118,,PETIR RD,NIL,PETIR RD
297,1.33904480982037,103.774300403826,1A,TOH YI DRIVE,591601,TOH YI DR
298,1.31755039971444,103.807384282049,,NIL,NIL,FARRER RD
299,1.33904480982037,103.774300403826,1A,TOH YI DRIVE,591601,TOH YI DR
300,1.2882310152805,103.839934168065,1,JALAN KUKOH,161001,JLN KUKOH
301,1.30843826814002,103.85484083026,,NIL,NIL,ROWELL RD
302,1.29878752559509,103.851967011645,261,WATERLOO STREET,180261,WATERLOO ST
303,1.32411610372005,103.94115382948,58,NEW UPPER CHANGI ROAD,461058,NEW MKT RD
304,1.2756261981348,103.84295049169,1,TANJONG PAGAR PLAZA,082001,TG PAGAR PLAZA
305,1.30358577572226,103.856503729982,,QUEEN ST,NIL,QUEEN ST
306,1.30358577572226,103.856503729982,,QUEEN ST,NIL,QUEEN ST
307,1.29685311080014,103.853347534791,232,BAIN STREET,180232,BAIN ST
308,1.27553472193924,103.841126943937,,CANTONMENT RD,NIL,CANTONMENT RD
309,1.27553472193924,103.841126943937,,CANTONMENT RD,NIL,CANTONMENT RD
310,1.27553472193924,103.841126943937,,CANTONMENT RD,NIL,CANTONMENT RD
311,1.27553472193924,103.841126943937,,CANTONMENT RD,NIL,CANTONMENT RD
312,1.38041181166502,103.75258047021,141,TECK WHYE LANE,680141,TECK WHYE LANE
313,1.38041181166502,103.75258047021,141,TECK WHYE LANE,680141,TECK WHYE LANE
314,1.38041181166502,103.75258047021,141,TECK WHYE LANE,680141,TECK WHYE LANE
315,1.3845483948042,103.74379576537,303,CHOA CHU KANG AVENUE 4,680303,CHOA CHU KANG AVE 4
316,1.38041181166502,103.75258047021,141,TECK WHYE LANE,680141,TECK WHYE LANE
317,1.37824852197263,103.738056000138,50,CHOA CHU KANG AVENUE 3,689858,CHOA CHU KANG AVE 3
318,1.4027997262312,103.745942668131,,CHOA CHU KANG CRES,NIL,CHOA CHU KANG CRES
319,1.38041181166502,103.75258047021,141,TECK WHYE LANE,680141,TECK WHYE LANE
320,1.3845483948042,103.74379576537,303,CHOA CHU KANG AVENUE 4,680303,CHOA CHU KANG AVE 4
321,1.4027997262312,103.745942668131,,CHOA CHU KANG CRES,NIL,CHOA CHU KANG CRES
322,1.39453297843943,103.749964278203,771A,CHOA CHU KANG STREET 54,681771,CHOA CHU KANG ST 54
323,1.38308302434127,103.747076627693,,NIL,NIL,CHOA CHU KANG CTRL
324,1.38308302434127,103.747076627693,,NIL,NIL,CHOA CHU KANG CTRL
325,1.37915123926616,103.758554890844,153,JALAN TECK WHYE,680153,JLN TECK WHYE
326,1.3845483948042,103.74379576537,303,CHOA CHU KANG AVENUE 4,680303,CHOA CHU KANG AVE 4
327,1.3845483948042,103.74379576537,303,CHOA CHU KANG AVENUE 4,680303,CHOA CHU KANG AVE 4
328,1.38308302434127,103.747076627693,,NIL,NIL,CHOA CHU KANG CTRL
329,1.37824852197263,103.738056000138,50,CHOA CHU KANG AVENUE 3,689858,CHOA CHU KANG AVE 3
330,1.3845483948042,103.74379576537,303,CHOA CHU KANG AVENUE 4,680303,CHOA CHU KANG AVE 4
331,1.39884898673942,103.747039912057,,CHOA CHU KANG ST 62,NIL,CHOA CHU KANG ST 62
332,1.4027997262312,103.745942668131,,CHOA CHU KANG CRES,NIL,CHOA CHU KANG CRES
333,1.3845483948042,103.74379576537,303,CHOA CHU KANG AVENUE 4,680303,CHOA CHU KANG AVE 4
334,1.39884898673942,103.747039912057,,CHOA CHU KANG ST 62,NIL,CHOA CHU KANG ST 62
335,1.37824852197263,103.738056000138,50,CHOA CHU KANG AVENUE 3,689858,CHOA CHU KANG AVE 3
336,1.39635349177344,103.749479022403,,CHOA CHU KANG NTH 6,NIL,CHOA CHU KANG NTH 6
337,1.38308302434127,103.747076627693,,NIL,NIL,CHOA CHU KANG CTRL
338,1.37824852197263,103.738056000138,50,CHOA CHU KANG AVENUE 3,689858,CHOA CHU KANG AVE 3
339,1.38308302434127,103.747076627693,,NIL,NIL,CHOA CHU KANG CTRL
340,1.3845483948042,103.74379576537,303,CHOA CHU KANG AVENUE 4,680303,CHOA CHU KANG AVE 4
341,1.39531071236278,103.747326527117,50,CHOA CHU KANG DRIVE,689716,CHOA CHU KANG DR
342,1.4027997262312,103.745942668131,,CHOA CHU KANG CRES,NIL,CHOA CHU KANG CRES
343,1.39531071236278,103.747326527117,50,CHOA CHU KANG DRIVE,689716,CHOA CHU KANG DR
344,1.39184565454399,103.746635141653,,CHOA CHU KANG NTH 5,NIL,CHOA CHU KANG NTH 5
345,1.39431509144897,103.74355703816,,CHOA CHU KANG ST 52,NIL,CHOA CHU KANG ST 52
346,1.4027997262312,103.745942668131,,CHOA CHU KANG CRES,NIL,CHOA CHU KANG CRES
347,1.37824852197263,103.738056000138,50,CHOA CHU KANG AVENUE 3,689858,CHOA CHU KANG AVE 3
348,1.37776772061363,103.740253366027,21,CHOA CHU KANG AVENUE 2,689907,CHOA CHU KANG AVE 2
349,1.39884898673942,103.747039912057,,CHOA CHU KANG ST 62,NIL,CHOA CHU KANG ST 62
350,1.39635349177344,103.749479022403,,CHOA CHU KANG NTH 6,NIL,CHOA CHU KANG NTH 6
351,1.4027997262312,103.745942668131,,CHOA CHU KANG CRES,NIL,CHOA CHU KANG CRES
352,1.37776772061363,103.740253366027,21,CHOA CHU KANG AVENUE 2,689907,CHOA CHU KANG AVE 2
353,1.39884898673942,103.747039912057,,CHOA CHU KANG ST 62,NIL,CHOA CHU KANG ST 62
354,1.4027997262312,103.745942668131,,CHOA CHU KANG CRES,NIL,CHOA CHU KANG CRES
355,1.38041181166502,103.75258047021,141,TECK WHYE LANE,680141,TECK WHYE LANE
356,1.30413678048377,103.76381785742,727,CLEMENTI WEST STREET 2,120727,CLEMENTI WEST ST 2
357,1.30413678048377,103.76381785742,727,CLEMENTI WEST STREET 2,120727,CLEMENTI WEST ST 2
358,1.31568354839958,103.751633496716,,NIL,NIL,WEST COAST RD
359,1.30510440008699,103.766311863504,602,CLEMENTI WEST STREET 1,120602,CLEMENTI WEST ST 1
360,1.32055715119401,103.767348903613,,CLEMENTI AVE 4,NIL,CLEMENTI AVE 4
361,1.31542671896833,103.766840120707,325,CLEMENTI AVENUE 5,120325,CLEMENTI AVE 5
362,1.32189101790957,103.770595265822,109,CLEMENTI STREET 11,120109,CLEMENTI ST 11
363,1.31542671896833,103.766840120707,325,CLEMENTI AVENUE 5,120325,CLEMENTI AVE 5
364,1.31466925871322,103.770579164108,353A,CLEMENTI AVENUE 2,121353,CLEMENTI AVE 2
365,1.31466925871322,103.770579164108,353A,CLEMENTI AVENUE 2,121353,CLEMENTI AVE 2
366,1.31568354839958,103.751633496716,,NIL,NIL,WEST COAST RD
367,1.32055715119401,103.767348903613,,CLEMENTI AVE 4,NIL,CLEMENTI AVE 4
368,1.31466925871322,103.770579164108,353A,CLEMENTI AVENUE 2,121353,CLEMENTI AVE 2
369,1.32055715119401,103.767348903613,,CLEMENTI AVE 4,NIL,CLEMENTI AVE 4
370,1.31264808511529,103.765680279865,451,CLEMENTI AVENUE 3,120451,CLEMENTI AVE 3
371,1.30973331229189,103.76863729776,420A,CLEMENTI AVENUE 1,121420,CLEMENTI AVE 1
372,1.32526543033124,103.88488961869,79A,CIRCUIT ROAD,371079,CIRCUIT RD
373,1.30413678048377,103.76381785742,727,CLEMENTI WEST STREET 2,120727,CLEMENTI WEST ST 2
374,1.30413678048377,103.76381785742,727,CLEMENTI WEST STREET 2,120727,CLEMENTI WEST ST 2
375,1.30413678048377,103.76381785742,727,CLEMENTI WEST STREET 2,120727,CLEMENTI WEST ST 2
376,1.30510440008699,103.766311863504,602,CLEMENTI WEST STREET 1,120602,CLEMENTI WEST ST 1
377,1.30413678048377,103.76381785742,727,CLEMENTI WEST STREET 2,120727,CLEMENTI WEST ST 2
378,1.31542671896833,103.766840120707,325,CLEMENTI AVENUE 5,120325,CLEMENTI AVE 5
379,1.30801640821961,103.788373154559,,C'WEALTH AVE WEST,NIL,C'WEALTH AVE WEST
380,1.31542671896833,103.766840120707,325,CLEMENTI AVENUE 5,120325,CLEMENTI AVE 5
381,1.32055715119401,103.767348903613,,CLEMENTI AVE 4,NIL,CLEMENTI AVE 4
382,1.31264808511529,103.765680279865,451,CLEMENTI AVENUE 3,120451,CLEMENTI AVE 3
383,1.30413678048377,103.76381785742,727,CLEMENTI WEST STREET 2,120727,CLEMENTI WEST ST 2
384,1.30413678048377,103.76381785742,727,CLEMENTI WEST STREET 2,120727,CLEMENTI WEST ST 2
385,1.32526543033124,103.88488961869,79A,CIRCUIT ROAD,371079,CIRCUIT RD
386,1.32526543033124,103.88488961869,79A,CIRCUIT ROAD,371079,CIRCUIT RD
387,1.32965461509134,103.887183600084,30,BALAM ROAD,370030,BALAM RD
388,1.32965461509134,103.887183600084,30,BALAM ROAD,370030,BALAM RD
389,1.32965461509134,103.887183600084,30,BALAM ROAD,370030,BALAM RD
390,1.32526543033124,103.88488961869,79A,CIRCUIT ROAD,371079,CIRCUIT RD
391,1.32526543033124,103.88488961869,79A,CIRCUIT ROAD,371079,CIRCUIT RD
392,1.33207744108742,103.885229623694,,MACPHERSON LANE,NIL,MACPHERSON LANE
393,1.32526543033124,103.88488961869,79A,CIRCUIT ROAD,371079,CIRCUIT RD
394,1.32965461509134,103.887183600084,30,BALAM ROAD,370030,BALAM RD
395,1.32965461509134,103.887183600084,30,BALAM ROAD,370030,BALAM RD
396,1.32456074559429,103.902777089531,,NIL,NIL,EUNOS CRES
397,1.32526543033124,103.88488961869,79A,CIRCUIT ROAD,371079,CIRCUIT RD
398,1.33118509619133,103.902098626147,301,UBI AVENUE 1,400301,UBI AVE 1
399,1.31510752106275,103.895587944619,13,HAIG ROAD,430013,HAIG RD
400,1.30825157753166,103.885833296725,51,OLD AIRPORT ROAD,390051,OLD AIRPORT RD
401,1.32526543033124,103.88488961869,79A,CIRCUIT ROAD,371079,CIRCUIT RD
402,1.31510752106275,103.895587944619,13,HAIG ROAD,430013,HAIG RD
403,1.317129206021,103.885373542742,,GEYLANG EAST AVENUE 1,NIL,GEYLANG EAST AVE 1
404,1.32456074559429,103.902777089531,,NIL,NIL,EUNOS CRES
405,1.33118509619133,103.902098626147,301,UBI AVENUE 1,400301,UBI AVE 1
406,1.31672380462251,103.878786208516,61,SIMS DRIVE,380061,SIMS DR
407,1.32362166702674,103.886961667057,,PIPIT RD,NIL,PIPIT RD
408,1.31672380462251,103.878786208516,61,SIMS DRIVE,380061,SIMS DR
409,1.32526543033124,103.88488961869,79A,CIRCUIT ROAD,371079,CIRCUIT RD
410,1.31869302203349,103.883006797269,,GEYLANG EAST CTRL,NIL,GEYLANG EAST CTRL
411,1.31510752106275,103.895587944619,13,HAIG ROAD,430013,HAIG RD
412,1.317129206021,103.885373542742,,GEYLANG EAST AVENUE 1,NIL,GEYLANG EAST AVE 1
413,1.32040889000204,103.896169086857,,EUNOS ROAD 5,NIL,EUNOS RD 5
414,1.31042812293151,103.885819983918,,CASSIA CRESCENT,NIL,CASSIA CRES
415,1.38089498895572,103.879323168238,982,BUANGKOK CRESCENT,530982,BUANGKOK CRES
416,1.34454464168319,103.890944357466,,NIL,NIL,HOUGANG AVE 3
417,1.37143736463902,103.881261079192,644,HOUGANG AVENUE 8,530644,HOUGANG AVE 8
418,1.34454464168319,103.890944357466,,NIL,NIL,HOUGANG AVE 3
419,1.35383705299112,103.886917032282,121,HOUGANG AVENUE 1,530121,HOUGANG AVE 1
420,1.37143736463902,103.881261079192,644,HOUGANG AVENUE 8,530644,HOUGANG AVE 8
421,1.37143736463902,103.881261079192,644,HOUGANG AVENUE 8,530644,HOUGANG AVE 8
422,1.36712666688764,103.896417221895,,HOUGANG AVE 5,NIL,HOUGANG AVE 5
423,1.37143736463902,103.881261079192,644,HOUGANG AVENUE 8,530644,HOUGANG AVE 8
424,1.37499002963882,103.88598223129,685,HOUGANG STREET 61,530685,HOUGANG ST 61
425,1.37499002963882,103.88598223129,685,HOUGANG STREET 61,530685,HOUGANG ST 61
426,1.36712666688764,103.896417221895,,HOUGANG AVE 5,NIL,HOUGANG AVE 5
427,1.34454464168319,103.890944357466,,NIL,NIL,HOUGANG AVE 3
428,1.36712666688764,103.896417221895,,HOUGANG AVE 5,NIL,HOUGANG AVE 5
429,1.36712666688764,103.896417221895,,HOUGANG AVE 5,NIL,HOUGANG AVE 5
430,1.35192637106197,103.880320335426,,HOUGANG ST 11,NIL,HOUGANG ST 11
431,1.35370313485786,103.890680820842,106,HOUGANG AVENUE 1,530106,HOUGANG AVE 7
432,1.37143736463902,103.881261079192,644,HOUGANG AVENUE 8,530644,HOUGANG AVE 8
433,1.36712666688764,103.896417221895,,HOUGANG AVE 5,NIL,HOUGANG AVE 5
434,1.35370313485786,103.890680820842,106,HOUGANG AVENUE 1,530106,HOUGANG AVE 7
435,1.36712666688764,103.896417221895,,HOUGANG AVE 5,NIL,HOUGANG AVE 5
436,1.37361587694624,103.885758919948,682,HOUGANG AVENUE 4,530682,HOUGANG AVE 4
437,1.36868496277618,103.884309433634,120,HOUGANG AVENUE 2,538858,HOUGANG AVE 2
438,1.37143736463902,103.881261079192,644,HOUGANG AVENUE 8,530644,HOUGANG AVE 8
439,1.35383705299112,103.886917032282,121,HOUGANG AVENUE 1,530121,HOUGANG AVE 1
440,1.36712666688764,103.896417221895,,HOUGANG AVE 5,NIL,HOUGANG AVE 5
441,1.35090140232399,103.882553439306,,LOR AH SOO,NIL,LOR AH SOO
442,1.37143736463902,103.881261079192,644,HOUGANG AVENUE 8,530644,HOUGANG AVE 8
443,1.37423994622641,103.878829717618,,HOUGANG ST 92,NIL,HOUGANG ST 92
444,1.37143736463902,103.881261079192,644,HOUGANG AVENUE 8,530644,HOUGANG AVE 8
445,1.37606587851406,103.888593893569,699D,HOUGANG STREET 52,538699,HOUGANG ST 52
446,1.35192637106197,103.880320335426,,HOUGANG ST 11,NIL,HOUGANG ST 11
447,1.37143736463902,103.881261079192,644,HOUGANG AVENUE 8,530644,HOUGANG AVE 8
448,1.37143736463902,103.881261079192,644,HOUGANG AVENUE 8,530644,HOUGANG AVE 8
449,1.37171017826289,103.894247824437,100,HOUGANG AVENUE 10,538767,HOUGANG AVE 10
450,1.37171017826289,103.894247824437,100,HOUGANG AVENUE 10,538767,HOUGANG AVE 10
451,1.35090140232399,103.882553439306,,LOR AH SOO,NIL,LOR AH SOO
452,1.37809447457177,103.88930278963,,HOUGANG ST 51,NIL,HOUGANG ST 51
453,1.35434107010009,103.878220827232,,NIL,NIL,UPP SERANGOON RD
454,1.3712462173575,103.893846918178,809,HOUGANG CENTRAL,530809,HOUGANG CTRL
455,1.37560507051106,103.879455004929,1,HOUGANG STREET 91,538692,HOUGANG ST 91
456,1.37560507051106,103.879455004929,1,HOUGANG STREET 91,538692,HOUGANG ST 91
457,1.37560507051106,103.879455004929,1,HOUGANG STREET 91,538692,HOUGANG ST 91
458,1.37423994622641,103.878829717618,,HOUGANG ST 92,NIL,HOUGANG ST 92
459,1.38276060770762,103.88209303275,,BUANGKOK LINK,NIL,BUANGKOK LINK
460,1.38089498895572,103.879323168238,982,BUANGKOK CRESCENT,530982,BUANGKOK CRES
461,1.37809447457177,103.88930278963,,HOUGANG ST 51,NIL,HOUGANG ST 51
462,1.37560507051106,103.879455004929,1,HOUGANG STREET 91,538692,HOUGANG ST 91
463,1.37560507051106,103.879455004929,1,HOUGANG STREET 91,538692,HOUGANG ST 91
464,1.37809447457177,103.88930278963,,HOUGANG ST 51,NIL,HOUGANG ST 51
465,1.37361587694624,103.885758919948,682,HOUGANG AVENUE 4,530682,HOUGANG AVE 4
466,1.37560507051106,103.879455004929,1,HOUGANG STREET 91,538692,HOUGANG ST 91
467,1.37143736463902,103.881261079192,644,HOUGANG AVENUE 8,530644,HOUGANG AVE 8
468,1.37560507051106,103.879455004929,1,HOUGANG STREET 91,538692,HOUGANG ST 91
469,1.37560507051106,103.879455004929,1,HOUGANG STREET 91,538692,HOUGANG ST 91
470,1.37171017826289,103.894247824437,100,HOUGANG AVENUE 10,538767,HOUGANG AVE 10
471,1.35383705299112,103.886917032282,121,HOUGANG AVENUE 1,530121,HOUGANG AVE 1
472,1.35090140232399,103.882553439306,,LOR AH SOO,NIL,LOR AH SOO
473,1.37143736463902,103.881261079192,644,HOUGANG AVENUE 8,530644,HOUGANG AVE 8
474,1.36232963358964,103.890049555893,373A,HOUGANG STREET 31,531373,HOUGANG ST 31
475,1.37171017826289,103.894247824437,100,HOUGANG AVENUE 10,538767,HOUGANG AVE 10
476,1.37423994622641,103.878829717618,,HOUGANG ST 92,NIL,HOUGANG ST 92
477,1.37606587851406,103.888593893569,699D,HOUGANG STREET 52,538699,HOUGANG ST 52
478,1.37143736463902,103.881261079192,644,HOUGANG AVENUE 8,530644,HOUGANG AVE 8
479,1.37171017826289,103.894247824437,100,HOUGANG AVENUE 10,538767,HOUGANG AVE 10
480,1.36868496277618,103.884309433634,120,HOUGANG AVENUE 2,538858,HOUGANG AVE 2
481,1.31984221429939,103.750394506449,,NIL,NIL,PANDAN GDNS
482,1.32052026841644,103.742651512921,37,TEBAN GARDENS ROAD,600037,TEBAN GDNS RD
483,1.34256242373969,103.739259690913,249,JURONG EAST STREET 24,600249,JURONG EAST ST 24
484,1.34256242373969,103.739259690913,249,JURONG EAST STREET 24,600249,JURONG EAST ST 24
485,1.33651456396491,103.744135775847,100,JURONG EAST STREET 21,609602,JURONG EAST ST 21
486,1.31984221429939,103.750394506449,,NIL,NIL,PANDAN GDNS
487,1.34224789591235,103.737310855243,91,JURONG EAST AVENUE 1,609786,JURONG EAST AVE 1
488,1.34256242373969,103.739259690913,249,JURONG EAST STREET 24,600249,JURONG EAST ST 24
489,1.31984221429939,103.750394506449,,NIL,NIL,PANDAN GDNS
490,1.34256242373969,103.739259690913,249,JURONG EAST STREET 24,600249,JURONG EAST ST 24
491,1.33651456396491,103.744135775847,100,JURONG EAST STREET 21,609602,JURONG EAST ST 21
492,1.34256242373969,103.739259690913,249,JURONG EAST STREET 24,600249,JURONG EAST ST 24
493,1.33923937978478,103.735234488699,112A,JURONG EAST STREET 13,601112,JURONG EAST ST 13
494,1.33923937978478,103.735234488699,112A,JURONG EAST STREET 13,601112,JURONG EAST ST 13
495,1.33651456396491,103.744135775847,100,JURONG EAST STREET 21,609602,JURONG EAST ST 21
496,1.34224789591235,103.737310855243,91,JURONG EAST AVENUE 1,609786,JURONG EAST AVE 1
497,1.32052026841644,103.742651512921,37,TEBAN GARDENS ROAD,600037,TEBAN GDNS RD
498,1.3481114562343,103.73224640617,,JURONG EAST ST 32,NIL,JURONG EAST ST 32
499,1.33923937978478,103.735234488699,112A,JURONG EAST STREET 13,601112,JURONG EAST ST 13
